{"licenses":[{"name":"","id":0,"url":""}],"info":{"contributor":"","date_created":"","description":"","url":"","version":"","year":""},"categories":[{"id":1,"name":"apple","supercategory":""},{"id":2,"name":"green_apple","supercategory":""},{"id":3,"name":"guava","supercategory":""},{"id":4,"name":"mandarin","supercategory":""},{"id":5,"name":"mango","supercategory":""},{"id":6,"name":"orange","supercategory":""},{"id":7,"name":"peach","supercategory":""},{"id":8,"name":"pear","supercategory":""}],"images":[{"id":1,"width":2048,"height":2048,"file_name":"3-01-V1-B.png","license":0,"flickr_url":"","coco_url":"","date_captured":0},{"id":2,"width":2048,"height":2048,"file_name":"3-01-V1-W.png","license":0,"flickr_url":"","coco_url":"","date_captured":0},{"id":3,"width":2048,"height":2048,"file_name":"3-01-V2-B.png","license":0,"flickr_url":"","coco_url":"","date_captured":0},{"id":4,"width":2048,"height":2048,"file_name":"3-01-V2-W.png","license":0,"flickr_url":"","coco_url":"","date_captured":0}],"annotations":[{"id":1,"image_id":1,"category_id":4,"segmentation":[],"area":516590.12639999995,"bbox":[723.72,637.77,727.52,710.07],"iscrowd":0,"attributes":{"occluded":false,"rotation":0.0}},{"id":2,"image_id":2,"category_id":4,"segmentation":[],"area":486648.864,"bbox":[706.28,650.22,702.6,692.64],"iscrowd":0,"attributes":{"occluded":false,"rotation":0.0}},{"id":3,"image_id":3,"category_id":4,"segmentation":[],"area":509503.6278,"bbox":[748.64,637.77,710.07,717.54],"iscrowd":0,"attributes":{"occluded":false,"rotation":0.0}},{"id":4,"image_id":4,"category_id":4,"segmentation":[],"area":549405.5508,"bbox":[761.09,642.75,739.98,742.46],"iscrowd":0,"attributes":{"occluded":false,"rotation":0.0}}]}