{"licenses":[{"name":"","id":0,"url":""}],"info":{"contributor":"","date_created":"","description":"","url":"","version":"","year":""},"categories":[{"id":1,"name":"apple","supercategory":""},{"id":2,"name":"green_apple","supercategory":""},{"id":3,"name":"guava","supercategory":""},{"id":4,"name":"mandarin","supercategory":""},{"id":5,"name":"mango","supercategory":""},{"id":6,"name":"orange","supercategory":""},{"id":7,"name":"peach","supercategory":""},{"id":8,"name":"pear","supercategory":""}],"images":[{"id":1,"width":2048,"height":2048,"file_name":"2-01-V1-B.png","license":0,"flickr_url":"","coco_url":"","date_captured":0},{"id":2,"width":2048,"height":2048,"file_name":"2-01-V1-W.png","license":0,"flickr_url":"","coco_url":"","date_captured":0},{"id":3,"width":2048,"height":2048,"file_name":"2-01-V2-B.png","license":0,"flickr_url":"","coco_url":"","date_captured":0},{"id":4,"width":2048,"height":2048,"file_name":"2-01-V2-W.png","license":0,"flickr_url":"","coco_url":"","date_captured":0}],"annotations":[{"id":1,"image_id":1,"category_id":3,"segmentation":[],"area":678051.8710999999,"bbox":[609.11,602.89,824.69,822.19],"iscrowd":0,"attributes":{"occluded":false,"rotation":0.0}},{"id":2,"image_id":2,"category_id":3,"segmentation":[],"area":692457.0937999999,"bbox":[634.03,587.94,827.17,837.14],"iscrowd":0,"attributes":{"occluded":false,"rotation":0.0}},{"id":3,"image_id":3,"category_id":3,"segmentation":[],"area":732775.4624,"bbox":[621.57,555.55,814.72,899.42],"iscrowd":0,"attributes":{"occluded":false,"rotation":0.0}},{"id":4,"image_id":4,"category_id":3,"segmentation":[],"area":756339.4329,"bbox":[631.54,543.09,827.17,914.37],"iscrowd":0,"attributes":{"occluded":false,"rotation":0.0}}]}