{"licenses":[{"name":"","id":0,"url":""}],"info":{"contributor":"","date_created":"","description":"","url":"","version":"","year":""},"categories":[{"id":1,"name":"apple","supercategory":""},{"id":2,"name":"green_apple","supercategory":""},{"id":3,"name":"guava","supercategory":""},{"id":4,"name":"mandarin","supercategory":""},{"id":5,"name":"mango","supercategory":""},{"id":6,"name":"orange","supercategory":""},{"id":7,"name":"peach","supercategory":""},{"id":8,"name":"pear","supercategory":""}],"images":[{"id":1,"width":2048,"height":2048,"file_name":"4-01-V1-B.png","license":0,"flickr_url":"","coco_url":"","date_captured":0},{"id":2,"width":2048,"height":2048,"file_name":"4-01-V1-W.png","license":0,"flickr_url":"","coco_url":"","date_captured":0},{"id":3,"width":2048,"height":2048,"file_name":"4-01-V2-B.png","license":0,"flickr_url":"","coco_url":"","date_captured":0},{"id":4,"width":2048,"height":2048,"file_name":"4-01-V2-W.png","license":0,"flickr_url":"","coco_url":"","date_captured":0},{"id":5,"width":2048,"height":2048,"file_name":"5-01-V1-B.png","license":0,"flickr_url":"","coco_url":"","date_captured":0},{"id":6,"width":2048,"height":2048,"file_name":"5-01-V1-W.png","license":0,"flickr_url":"","coco_url":"","date_captured":0},{"id":7,"width":2048,"height":2048,"file_name":"5-01-V2-B.png","license":0,"flickr_url":"","coco_url":"","date_captured":0},{"id":8,"width":2048,"height":2048,"file_name":"5-01-V2-W.png","license":0,"flickr_url":"","coco_url":"","date_captured":0},{"id":9,"width":2048,"height":2048,"file_name":"6-01-V1-B.png","license":0,"flickr_url":"","coco_url":"","date_captured":0},{"id":10,"width":2048,"height":2048,"file_name":"6-01-V1-W.png","license":0,"flickr_url":"","coco_url":"","date_captured":0},{"id":11,"width":2048,"height":2048,"file_name":"6-01-V2-B.png","license":0,"flickr_url":"","coco_url":"","date_captured":0},{"id":12,"width":2048,"height":2048,"file_name":"6-01-V2-W.png","license":0,"flickr_url":"","coco_url":"","date_captured":0},{"id":13,"width":2048,"height":2048,"file_name":"7-01-V1-B.png","license":0,"flickr_url":"","coco_url":"","date_captured":0},{"id":14,"width":2048,"height":2048,"file_name":"7-01-V1-W.png","license":0,"flickr_url":"","coco_url":"","date_captured":0},{"id":15,"width":2048,"height":2048,"file_name":"7-01-V2-B.png","license":0,"flickr_url":"","coco_url":"","date_captured":0},{"id":16,"width":2048,"height":2048,"file_name":"7-01-V2-W.png","license":0,"flickr_url":"","coco_url":"","date_captured":0}],"annotations":[{"id":1,"image_id":1,"category_id":5,"segmentation":[],"area":1457298.0141999999,"bbox":[459.63,293.94,1053.89,1382.78],"iscrowd":0,"attributes":{"occluded":false,"rotation":0.0}},{"id":2,"image_id":2,"category_id":5,"segmentation":[],"area":1674078.3216000001,"bbox":[474.57,276.5,1148.58,1457.52],"iscrowd":0,"attributes":{"occluded":false,"rotation":0.0}},{"id":3,"image_id":3,"category_id":5,"segmentation":[],"area":1477381.1424000002,"bbox":[394.85,343.77,1058.88,1395.23],"iscrowd":0,"attributes":{"occluded":false,"rotation":0.0}},{"id":4,"image_id":4,"category_id":5,"segmentation":[],"area":1554918.0374999999,"bbox":[536.86,363.7,1098.75,1415.17],"iscrowd":0,"attributes":{"occluded":false,"rotation":0.0}},{"id":5,"image_id":5,"category_id":6,"segmentation":[],"area":725992.9716,"bbox":[519.42,622.82,844.61,859.56],"iscrowd":0,"attributes":{"occluded":false,"rotation":0.0}},{"id":6,"image_id":6,"category_id":6,"segmentation":[],"area":734478.2544000001,"bbox":[609.11,592.92,847.11,867.04],"iscrowd":0,"attributes":{"occluded":false,"rotation":0.0}},{"id":7,"image_id":7,"category_id":6,"segmentation":[],"area":696615.8220999999,"bbox":[651.47,600.39,839.63,829.67],"iscrowd":0,"attributes":{"occluded":false,"rotation":0.0}},{"id":8,"image_id":8,"category_id":6,"segmentation":[],"area":711271.4193,"bbox":[713.76,568.0,844.61,842.13],"iscrowd":0,"attributes":{"occluded":false,"rotation":0.0}},{"id":9,"image_id":9,"category_id":7,"segmentation":[],"area":430810.98800000007,"bbox":[611.61,697.56,642.8,670.21],"iscrowd":0,"attributes":{"occluded":false,"rotation":0.0}},{"id":10,"image_id":10,"category_id":7,"segmentation":[],"area":414674.7384000001,"bbox":[673.89,607.87,632.84,655.26],"iscrowd":0,"attributes":{"occluded":false,"rotation":0.0}},{"id":11,"image_id":11,"category_id":7,"segmentation":[],"area":450812.94180000003,"bbox":[626.55,657.7,677.69,665.22],"iscrowd":0,"attributes":{"occluded":false,"rotation":0.0}},{"id":12,"image_id":12,"category_id":7,"segmentation":[],"area":452493.7127999999,"bbox":[678.88,754.87,677.68,667.71],"iscrowd":0,"attributes":{"occluded":false,"rotation":0.0}},{"id":13,"image_id":13,"category_id":8,"segmentation":[],"area":1043291.1995999999,"bbox":[736.18,356.23,904.41,1153.56],"iscrowd":0,"attributes":{"occluded":false,"rotation":0.0}},{"id":14,"image_id":14,"category_id":8,"segmentation":[],"area":1052938.1069999998,"bbox":[601.64,423.5,906.9,1161.03],"iscrowd":0,"attributes":{"occluded":false,"rotation":0.0}},{"id":15,"image_id":15,"category_id":8,"segmentation":[],"area":1067823.19,"bbox":[454.64,463.36,911.89,1171.0],"iscrowd":0,"attributes":{"occluded":false,"rotation":0.0}},{"id":16,"image_id":16,"category_id":8,"segmentation":[],"area":1111395.0403000002,"bbox":[539.35,418.52,929.33,1195.91],"iscrowd":0,"attributes":{"occluded":false,"rotation":0.0}}]}