{"licenses":[{"name":"","id":0,"url":""}],"info":{"contributor":"","date_created":"","description":"","url":"","version":"","year":""},"categories":[{"id":1,"name":"apple","supercategory":""},{"id":2,"name":"green_apple","supercategory":""},{"id":3,"name":"guava","supercategory":""},{"id":4,"name":"mandarin","supercategory":""},{"id":5,"name":"mango","supercategory":""},{"id":6,"name":"orange","supercategory":""},{"id":7,"name":"peach","supercategory":""},{"id":8,"name":"pear","supercategory":""}],"images":[{"id":1,"width":2048,"height":2048,"file_name":"1-01-V1-B.png","license":0,"flickr_url":"","coco_url":"","date_captured":0},{"id":2,"width":2048,"height":2048,"file_name":"1-01-V1-W.png","license":0,"flickr_url":"","coco_url":"","date_captured":0},{"id":3,"width":2048,"height":2048,"file_name":"1-01-V2-B.png","license":0,"flickr_url":"","coco_url":"","date_captured":0},{"id":4,"width":2048,"height":2048,"file_name":"1-01-V2-W.png","license":0,"flickr_url":"","coco_url":"","date_captured":0}],"annotations":[{"id":1,"image_id":1,"category_id":2,"segmentation":[],"area":738796.1135999999,"bbox":[639.01,582.95,867.04,852.09],"iscrowd":0,"attributes":{"occluded":false,"rotation":0.0}},{"id":2,"image_id":2,"category_id":2,"segmentation":[],"area":719658.9096,"bbox":[668.91,620.33,854.58,842.12],"iscrowd":0,"attributes":{"occluded":false,"rotation":0.0}},{"id":3,"image_id":3,"category_id":2,"segmentation":[],"area":764273.6046,"bbox":[586.69,582.95,852.09,896.94],"iscrowd":0,"attributes":{"occluded":false,"rotation":0.0}},{"id":4,"image_id":4,"category_id":2,"segmentation":[],"area":790636.4352,"bbox":[591.67,508.21,867.04,911.88],"iscrowd":0,"attributes":{"occluded":false,"rotation":0.0}}]}