{"licenses":[{"name":"","id":0,"url":""}],"info":{"contributor":"","date_created":"","description":"","url":"","version":"","year":""},"categories":[{"id":1,"name":"apple","supercategory":""},{"id":2,"name":"green_apple","supercategory":""},{"id":3,"name":"guava","supercategory":""},{"id":4,"name":"mandarin","supercategory":""},{"id":5,"name":"mango","supercategory":""},{"id":6,"name":"orange","supercategory":""},{"id":7,"name":"peach","supercategory":""},{"id":8,"name":"pear","supercategory":""}],"images":[{"id":1,"width":2048,"height":2048,"file_name":"0-01-V1-B.png","license":0,"flickr_url":"","coco_url":"","date_captured":0},{"id":2,"width":2048,"height":2048,"file_name":"0-01-V1-W.png","license":0,"flickr_url":"","coco_url":"","date_captured":0},{"id":3,"width":2048,"height":2048,"file_name":"0-01-V2-B.png","license":0,"flickr_url":"","coco_url":"","date_captured":0},{"id":4,"width":2048,"height":2048,"file_name":"0-01-V2-W.png","license":0,"flickr_url":"","coco_url":"","date_captured":0}],"annotations":[{"id":1,"image_id":1,"category_id":1,"segmentation":[],"area":795177.5976000002,"bbox":[590.42,625.3,872.02,911.88],"iscrowd":0,"attributes":{"occluded":false,"rotation":0.0}},{"id":2,"image_id":2,"category_id":1,"segmentation":[],"area":819861.4760000001,"bbox":[572.98,555.53,886.96,924.35],"iscrowd":0,"attributes":{"occluded":false,"rotation":0.0}},{"id":3,"image_id":3,"category_id":1,"segmentation":[],"area":751594.5642000001,"bbox":[632.77,622.8,879.49,854.58],"iscrowd":0,"attributes":{"occluded":false,"rotation":0.0}},{"id":4,"image_id":4,"category_id":1,"segmentation":[],"area":775626.9091999998,"bbox":[682.6,602.87,872.02,889.46],"iscrowd":0,"attributes":{"occluded":false,"rotation":0.0}}]}